{"accuracy": [0.5996159315109253, 0.8625649213790894, 0.9161960482597351, 0.9416032433509827, 0.9563411474227905, 0.9658865928649902, 0.9713919758796692, 0.9764705896377563, 0.9799843430519104, 0.9820755124092102], "loss": [1.3534631729125977, 0.43396157026290894, 0.2585127651691437, 0.17926254868507385, 0.13232411444187164, 0.10280460864305496, 0.0844225361943245, 0.07152367383241653, 0.062460143119096756, 0.05413743481040001], "val_accuracy": [0.8363305330276489, 0.904962420463562, 0.9234578013420105, 0.9454245567321777, 0.9561802744865417, 0.9494081735610962, 0.9548144936561584, 0.9610175490379333, 0.9388800263404846, 0.9520259499549866], "val_loss": [0.5181538462638855, 0.288652628660202, 0.24072249233722687, 0.17116445302963257, 0.14407134056091309, 0.16373199224472046, 0.15005235373973846, 0.12954095005989075, 0.23110754787921906, 0.1648682802915573]}
